Series Name,Series Code,Country Name,Country Code,1960 [YR1960],1961 [YR1961],1962 [YR1962],1963 [YR1963],1964 [YR1964],1965 [YR1965],1966 [YR1966],1967 [YR1967],1968 [YR1968],1969 [YR1969],1970 [YR1970],1971 [YR1971],1972 [YR1972],1973 [YR1973],1974 [YR1974],1975 [YR1975],1976 [YR1976],1977 [YR1977],1978 [YR1978],1979 [YR1979],1980 [YR1980],1981 [YR1981],1982 [YR1982],1983 [YR1983],1984 [YR1984],1985 [YR1985],1986 [YR1986],1987 [YR1987],1988 [YR1988],1989 [YR1989],1990 [YR1990],1991 [YR1991],1992 [YR1992],1993 [YR1993],1994 [YR1994],1995 [YR1995],1996 [YR1996],1997 [YR1997],1998 [YR1998],1999 [YR1999],2000 [YR2000],2001 [YR2001],2002 [YR2002],2003 [YR2003],2004 [YR2004],2005 [YR2005],2006 [YR2006],2007 [YR2007],2008 [YR2008],2009 [YR2009],2010 [YR2010],2011 [YR2011],2012 [YR2012],2013 [YR2013],2014 [YR2014],2015 [YR2015],2016 [YR2016],2017 [YR2017],2018 [YR2018],2019 [YR2019],2020 [YR2020],2021 [YR2021],2022 [YR2022],2023 [YR2023],2024 [YR2024],2025 [YR2025]
GDP per capita (constant 2015 US$),NY.GDP.PCAP.KD,Indonesia,IDN,597.734506697936,614.67800035292,608.672830748941,578.480952858822,582.039622009982,573.642474075567,575.863301570169,568.830963804607,614.066837154833,638.076485696931,667.649761220022,695.446971500357,724.833992058908,763.256635953719,800.65408027571,819.538910861999,854.39856737846,906.717766390934,944.755242951634,989.678300355954,1061.791789401,1119.39911020788,1118.38320739334,1139.00630123248,1191.59058771764,1195.12311547851,1240.06475649342,1276.13231995892,1324.37572952378,1396.699709074,1470.91822258528,1544.99580894527,1617.10954872218,1693.1074260189,1790.32729962455,1905.54236111238,2020.99148132509,2081.8416693962,1780.20049544892,1767.51466729756,1828.10265968361,1868.59172307292,1926.37435868149,1991.91820506473,2065.70617470842,2155.4478015921,2244.0802226202,2355.1528565328,2464.60193418272,2546.21969707767,2670.8129098953,2799.62468790318,2930.518445323,3055.24246006469,3170.72103011429,3288.22269725538,3416.81005170972,3553.51999262321,3701.32155461912,3850.90321738979,3739.44906563161,3850.68877253903,4024.91225288391,4192.65167890692,4367.86266621191,..
GDP per capita (constant 2015 US$),NY.GDP.PCAP.KD,Lao PDR,LAO,..,..,..,..,..,..,..,..,..,..,..,..,..,..,..,..,..,..,..,..,..,..,..,..,579.867782983835,592.627301998099,604.331788271833,579.022620522311,551.363163716143,611.822069881845,634.525297009385,643.410259077746,660.633861954064,680.964153708638,717.509245108717,749.234741728538,782.683156535545,819.205851313643,836.088098507116,881.634129609675,917.228038617529,954.123505414634,994.492241963795,1038.71192767783,1088.76034728831,1148.68153852071,1228.08927619923,1301.08597549864,1381.73754223953,1463.3379666846,1564.91068311647,1666.40086189871,1774.63585203672,1890.27861294875,2006.31195444447,2121.01339097363,2234.76098741846,2351.57441747595,2459.97874636195,2554.95638019245,2529.74622698761,2556.58912640405,2589.05015191628,2648.88726608035,2721.07810663082,..
GDP per capita (constant 2015 US$),NY.GDP.PCAP.KD,Malaysia,MYS,1266.31525712689,1327.77650865403,1376.65800987085,1439.55490061108,1477.83156448895,1551.33616738207,1631.47589814079,1654.76507573676,1746.69654709275,1791.13966548692,1855.24673850886,1993.49999498673,2128.90738683232,2321.73809965247,2455.31271360892,2416.5134488266,2632.12032089303,2768.88534365126,2883.07107029481,3077.7893337814,3216.28778690077,3332.82000559163,3420.21717115114,3518.79492112604,3670.36601236602,3515.25505625205,3444.11713819558,3508.00948571695,3737.26006906652,3953.81471255834,4184.76072928976,4456.93133148159,4726.13789172987,5062.5911043705,5390.10167606966,5771.35211956083,6190.46429134886,6480.55649455855,5857.96702940857,6070.95621987091,6455.61419792583,6334.92795651698,6516.90671560155,6732.92049458099,7025.34558004381,7234.02442689141,7469.8106921211,7769.59693350488,7976.11785374773,7700.46111294033,8118.92270511981,8400.32248683558,8710.52671359902,8964.80724896203,9341.73055971278,9648.6797937523,9901.47960179812,10293.7629205362,10610.1950240479,10902.9834855856,10171.4657842762,10388.2667120857,11191.6511756943,11445.3925275079,11883.79127749,..
GDP per capita (constant 2015 US$),NY.GDP.PCAP.KD,Cambodia,KHM,..,..,..,..,..,..,..,..,..,..,..,..,..,..,..,775.61301310347,832.046370021047,768.349009368511,835.709043830217,746.08572413472,688.762215998489,678.011250962987,659.062242599126,663.885539072704,671.730248753369,679.989551081934,678.670094090388,790.553706971779,852.223975284837,849.279049748096,824.051655825487,850.610221173097,862.478030887335,845.382004291868,513.967147967874,520.926883186145,511.670349597704,496.770551310941,499.016649050833,552.901492232643,598.561915252147,632.833573980849,662.188341283454,719.333494240509,775.847139030978,866.340290123209,947.065220050691,1030.23117620792,1090.57475806147,1117.25834194514,1155.85236856699,1221.38839852454,1295.25271477893,1376.29557595926,1464.53115866927,1547.32010444393,1645.46671578126,1753.93530504662,1884.28374817086,2008.32094006706,1908.63427518336,1938.76436741728,2011.27433313262,2085.05748462122,2182.71843902341,..
GDP per capita (constant 2015 US$),NY.GDP.PCAP.KD,Viet Nam,VNM,..,..,..,..,..,..,..,..,..,..,..,..,..,..,..,..,..,..,..,..,..,..,..,..,595.491333343053,603.977495797078,607.58999788783,616.715148033271,635.398203948006,668.323172497837,687.860316254161,713.747210806804,759.910853953724,805.606443630458,861.122422555836,927.625512005765,998.924907248853,1064.77802859908,1110.1126773248,1148.04465210832,1212.19657794381,1273.8052690094,1340.51670460271,1418.74337471509,1510.94449049599,1609.96268313651,1699.67620343393,1788.9485028957,1856.00519883979,1927.13427057454,2027.58184375924,2132.90453762087,2224.11404253256,2320.08431444934,2439.28655744423,2577.56885340113,2715.57887431272,2868.13680013379,3048.28327602145,3241.07648966529,3303.16949807493,3358.21734764714,3617.66311465012,3775.46375555802,4017.74604111554,..
GDP per capita (constant 2015 US$),NY.GDP.PCAP.KD,Thailand,THA,592.465635112506,606.205592712551,632.983035716153,663.55436582592,688.017307298417,722.392299176819,779.304978301365,822.065821475732,863.617164738641,894.636115562961,969.511716318085,989.909220029885,1005.14454673498,1079.19199094554,1099.02939594966,1125.83955126106,1202.74424654629,1291.9197681028,1394.18134022016,1438.53929504306,1482.08742004737,1538.43127414973,1589.42168596819,1645.99169094684,1707.9308019841,1754.62716249659,1818.90504659625,1957.75963674452,2180.41358654182,2406.26996824545,2631.51971095863,2810.56702001316,2989.85385369019,3186.99707103229,3391.48986604062,3614.93244016732,3766.86364433088,3614.60848543994,3295.36018381294,3403.08737356896,3514.71662970608,3599.02524877358,3783.75422073266,4018.15538187068,4232.77157261934,4372.25730206261,4551.5250018314,4760.66708464831,4805.76393990836,4737.45679763314,5059.35747831657,5070.23740191942,5403.87846036273,5516.61164164135,5541.46599361845,5688.85335397884,5857.78052935926,6076.74307700082,6314.19948412043,6434.53770518034,6035.18627737077,6121.52696529713,6278.7855138276,6408.41432577294,6574.46109387985,..
GDP per capita (constant 2015 US$),NY.GDP.PCAP.KD,Singapore,SGP,3611.95365142064,3777.39463491526,3951.76046995379,4239.9926615122,4004.45879353131,4214.50928654512,4529.52603020969,4984.78417700352,5562.32007695611,6237.25093664419,6997.19902931212,7722.8645117911,8590.60864812538,9325.56611338064,9732.7270627095,9974.22091805681,10572.5669041736,11141.5797970038,11863.6939677002,12834.1600895857,13953.890170834,14737.3005854209,15106.2507664821,16186.9145138401,17280.3703822303,17149.31550146,17396.0281363675,18986.7527003627,20595.9751389187,22031.8971300219,23272.7000932159,24132.7153290621,24973.4311358112,27139.9524278985,29220.2727915476,30379.8991144598,31349.3171805131,32835.2518506082,31043.108180076,32557.0469904063,34890.0811365168,33597.8690808226,34598.8267483781,36709.7965038255,39856.6356222613,41798.4880834671,44159.4101820552,46178.8139470199,44601.5799302699,43331.8746638962,48752.0515441859,50713.5326393594,51679.352717333,53298.9728558286,54681.9336458253,55645.6068614606,56986.7853102911,59485.3015873921,61250.3476672302,61345.5291820062,59189.70385743,67731.2610711717,68218.805333562,66167.3596303607,67706.8336149739,..
GDP per capita (constant 2015 US$),NY.GDP.PCAP.KD,Philippines,PHL,1123.78209980486,1150.62906586528,1168.60880125748,1211.82149959902,1214.70925760191,1241.10921652117,1257.98440669165,1285.2931010298,1311.52148738311,1334.73174869948,1348.64912771152,1388.24899930969,1430.58532244744,1522.01742049488,1540.04224351715,1587.49928255808,1683.65998853926,1730.59409726768,1772.22820167607,1822.1450227022,1867.56862352125,1881.81520256172,1898.13930580212,1878.60173410166,1696.57673822151,1537.66555840437,1551.40892775445,1576.97337027736,1638.03682404026,1696.00236347127,1704.07568899121,1656.38349704781,1624.34939806129,1620.35505833942,1654.74613902838,1693.80873081644,1752.23800104559,1800.25913137613,1746.52590513282,1759.42105225652,1793.34761146436,1807.70892524758,1837.25429286854,1892.82161995051,1978.34489133113,2037.8776605946,2110.42044781284,2209.34651083329,2264.9462907288,2256.72554835463,2373.14312064664,2416.75212064542,2533.74141964959,2654.41506933978,2776.92005909479,2909.85818010301,3076.3374186759,3247.4503878362,3410.93647976109,3575.88170922922,3198.66690008413,3350.97587587776,3577.70136573244,3744.69763802928,3925.3048697218,..
GDP per capita (constant 2015 US$),NY.GDP.PCAP.KD,Myanmar,MMR,129.772040232956,127.564281192478,129.887941418192,144.000792902218,132.52243957798,143.417217809945,133.398254666833,122.678900962031,134.388136938469,135.702756197415,139.275133599309,141.823799629052,142.104344666233,137.829004503598,142.387514062518,145.457960081305,151.381528103762,157.337620357431,164.358420133522,169.599433101241,179.588600930675,187.43997350101,194.360862268612,198.97314350451,204.50394396227,206.179024171186,200.215576808079,188.871667529886,164.700416641961,168.113854207283,170.233436728781,166.71043994981,180.333227419724,188.680525347254,200.124788544139,211.265635947401,222.01335977894,231.587954119212,242.132148134742,265.455335148419,298.590464510138,328.973872713504,364.855800197477,411.498764127557,463.33013572168,522.099544791815,586.085579935448,651.729730899198,714.620419027129,785.634853168658,854.932478027749,895.512538762631,953.123081936485,1024.69060474658,1099.24387751605,1166.73305547935,1225.37913972668,1290.56409027458,1361.56831265985,1440.98988238708,1301.3138635245,1136.99566055698,1174.76697947364,1177.76649647177,1158.47928099316,..
GDP per capita (constant 2015 US$),NY.GDP.PCAP.KD,Brunei Darussalam,BRN,..,..,..,..,..,..,..,..,..,..,..,..,..,..,64932.0843458243,62303.4681448926,72760.0838890241,77308.8630968501,80082.6794581564,96517.1336821703,84483.3896949123,63568.3324706453,63000.67420568,61220.7080386665,57811.7720728478,54270.0845517948,49618.4647311583,49057.0847164443,46889.4915760067,44296.3390449877,44179.827869454,44201.1394947727,41672.3708419389,40342.0504065212,39721.4345352129,39274.4980204335,38331.6576177026,39820.2107524086,36331.1813349886,37045.9342568638,37509.5983847742,37269.3099216587,37976.2627573601,38595.1688513702,37948.6590825194,37312.2778797122,38229.3565684183,36174.516515486,34126.6941563969,32855.6021602466,33121.3178241724,33754.3640783713,33544.5389457877,32381.0739795231,31148.7297405401,30625.1287744656,29492.4145927789,29524.65912789,29200.1952024222,29996.2407223175,30015.9588506697,29256.1833678343,28549.1756060465,28645.9645396284,29563.8682753082,..
GDP per capita (constant 2015 US$),NY.GDP.PCAP.KD,Nepal,NPL,327.155239909957,327.106042340229,326.931761367814,326.647935131857,344.303003365182,333.249080677851,349.354951533981,336.664372577306,331.720617039361,339.099773054614,340.306833356848,328.993729996026,331.963144339485,323.260045911092,336.306374003459,333.76929822544,340.906119257416,343.403337654578,350.30570504545,350.320446364022,334.219179007322,353.700814105005,358.609920101425,339.778376746619,364.032308849685,377.725353860231,386.340559561214,384.659636696973,405.638929689076,413.894023064039,422.724738575869,438.15619419594,443.462044821677,448.13094087379,472.951082824345,477.741099613336,492.212428031946,506.426874424217,511.54871132025,524.27256909301,547.221082273632,564.28622920391,556.438454538796,570.28967363428,589.46992868617,603.190108570995,617.477638588722,633.226129136597,666.865095417138,692.400000816919,721.265221364302,742.617252662576,775.310578479839,801.039060847856,846.665541773599,875.543635474862,875.188943730855,951.857298563641,1021.91492204011,1077.11796498188,1031.53618783934,1062.7888430629,1113.55462341223,1136.42769313825,1179.81272768386,..
GDP per capita (constant 2015 US$),NY.GDP.PCAP.KD,Sri Lanka,LKA,..,659.300823889429,667.9828225341,668.240297672251,677.506014588292,677.922047676145,694.98430708035,722.08263303294,745.825190701908,784.80440695474,796.868368807394,790.251933436674,771.199691231896,809.714794482224,825.386340352758,860.222496212867,872.94723472542,900.976974225708,934.57105877288,976.036292036749,1014.42362079808,1054.38566638778,1084.60957211565,1129.27072261629,1182.77526470107,1233.73418258244,1272.15733985744,1279.04223350911,1297.45961840579,1313.41060291847,1388.58951823335,1441.62996809528,1481.33110127451,1556.88467456091,1620.2912104558,1681.35053208093,1712.00815802791,1787.41017985524,1836.38946262206,1880.1067802774,1956.93310381072,1896.48251734068,1951.22522777045,2052.03045078787,2149.10628588002,2268.6880127005,2426.34873273046,2573.54362192705,2708.58594222506,2787.27350976338,2993.01411511147,3232.37350382301,3484.79049033884,3728.93586647848,3929.92062032185,4057.7158346231,4214.74117992085,4436.00789945768,4493.03575444544,4455.78189608267,4227.23315306594,4357.97225779491,4033.14561476298,3964.91987394354,4186.4986638365,..
GDP per capita (constant 2015 US$),NY.GDP.PCAP.KD,India,IND,312.777847830375,316.739644666886,318.381945824671,329.641494853773,346.011883334459,329.392574458486,322.241317768205,340.080025744959,344.128288078914,358.966799420621,369.192480654411,367.03330975615,357.07792916052,360.637844062503,356.615069643548,380.159941374693,377.496025412265,395.443306821969,408.516944405283,378.219592785732,394.182239918298,408.153549798956,412.596737107488,432.429235395483,438.541705524351,450.966703866791,461.725611478711,469.209956302852,502.937342176693,521.073383845828,537.870269533789,531.898397841583,549.235069966802,563.372872328964,588.727892188017,620.699954330379,654.355928429641,667.598423095039,695.293709344799,742.53920839445,756.704109527449,778.507377528365,793.615912906381,841.278894571674,892.596614581612,947.732565646672,1008.23275343783,1069.24696813025,1086.50605251513,1155.10163274172,1235.15939133951,1281.61054354933,1333.09626557668,1399.4537980287,1484.31640682913,1583.99815907985,1694.46534973825,1788.69770318446,1883.35772705062,1936.03067741067,1806.50110583878,1965.30943437506,2098.2112447615,2270.9051808027,2396.94999213544,..
GDP per capita (constant 2015 US$),NY.GDP.PCAP.KD,Bangladesh,BGD,429.398700910166,442.754802776645,453.534880895558,438.497510023828,472.526377856783,466.297416230715,464.560595017134,442.631515109653,470.576662620963,462.973250718686,476.495758008963,442.581266509865,373.483189983357,375.01209712721,399.510508130505,373.260373696999,384.509552028714,385.08552032014,402.385595931712,411.669266520237,405.226770259517,423.537122867473,420.872004532951,425.646571168568,434.782351604307,438.382478828439,446.08025306417,452.659756923731,453.839236883479,457.254334777705,473.444821021085,480.673358976087,497.371173735323,511.193509421294,521.323144726555,537.931946643983,552.077107138767,566.271140847632,584.448175174047,600.232323162952,620.560472822105,641.288922876274,655.672139362272,676.826252046427,702.656357081873,739.203718353409,779.419570444998,825.508229964537,866.45815762135,901.729626251937,943.66422864236,995.579947155662,1050.39140404066,1103.15695907123,1159.40753475981,1224.38647668165,1299.83091360792,1373.75363740186,1462.25050255713,1564.20802445636,1604.6659234742,1702.08028414189,1804.3493461776,1885.37733613545,1941.27874360025,..
GDP per capita (constant 2015 US$),NY.GDP.PCAP.KD,Bhutan,BTN,..,..,..,..,..,..,..,..,..,..,409.39951009812,406.291418918553,397.262037485288,389.593921511192,395.97778052767,370.056039481574,389.665426064711,406.33736880742,420.682203225947,426.159561589084,432.838643488682,482.235722777153,483.023534472283,516.678056159163,523.422165152942,527.791600354552,570.054288192741,713.587145838936,725.554916193497,756.380975678321,812.671325588739,795.191842865383,863.46389569327,917.291292689812,963.016574291679,1043.38748981674,1099.85817824831,1138.39922318847,1182.98781073316,1248.61600842811,1259.6237645235,1321.09878230279,1427.25693317315,1506.4152751782,1552.73915195801,1632.02169500573,1701.11878173586,1952.25734603779,2017.76018913403,2148.56480375034,2378.72810760985,2552.48871073094,2654.74798946027,2671.07460201171,2797.81883971908,2954.04081911097,3173.36773217431,3211.80903275593,3300.55006461736,3467.38598979356,3092.12428399363,3206.20366997254,3349.73309632799,3480.51388574877,..,..
GDP per capita (constant 2015 US$),NY.GDP.PCAP.KD,Zambia,ZMB,1187.70460116133,1166.74596436267,1102.4458219947,1103.10813202806,1199.39219025665,1355.45680953779,1239.68921603925,1295.60864749847,1270.07901687655,1224.90387889791,1246.65383007205,1211.70972726075,1286.57716971439,1238.05913338778,1279.53707253685,1213.57721788882,1250.5415032312,1157.75814389903,1129.47163480066,1062.9629308153,1062.93600223771,1094.46195855082,1030.04718157436,977.759709968015,944.930593972368,931.808263595704,910.944542362099,908.680042753164,939.599679398111,905.747380200891,878.589205998477,856.761723583768,821.850104215064,857.039669609389,764.639411345433,768.035201563368,796.018059633101,805.53240180321,781.663383813883,796.377985981253,804.48463418783,822.020935308251,833.021177549004,863.650190656785,895.475258534826,929.079255855905,968.563565019492,1013.08567432637,1053.58612301068,1110.71918102486,1183.41712409199,1208.46424569634,1258.78938578996,1280.77012176778,1299.01241762504,1295.87788680068,1303.57513869133,1308.76829240086,1321.25045711573,1301.18132976178,1228.73500113195,1269.10821808895,1298.8480495593,1330.85998216751,1343.38966380353,..
GDP per capita (constant 2015 US$),NY.GDP.PCAP.KD,Zimbabwe,ZWE,1142.54861693219,1177.31430674299,1157.23429368398,1191.33584789891,1141.57779156678,1160.44360882467,1141.5669678277,1198.76044817273,1184.42922220119,1290.10547997347,1533.4013269655,1620.79990255539,1702.6722095134,1692.67295502401,1747.41005201736,1660.1827816457,1617.90703618176,1468.96137583067,1408.65320721669,1432.33639033816,1547.24303557325,1634.85792339379,1613.8207054948,1578.2877877611,1494.11174302875,1543.54602241645,1524.05510786515,1491.43889200127,1554.121523425,1588.24428841402,1653.56521361694,1700.16751573044,1503.8338876162,1497.59397309998,1633.9654774338,1621.41919547814,1759.94136824269,1773.50690066801,1789.35135307089,1746.22663873399,1677.34896793251,1690.14666163116,1525.07935706564,1250.91948331231,1165.54447081543,1088.63148420699,1038.22375658033,987.200362596937,803.044944654991,896.915532877845,1056.20884563889,1184.93421020563,1360.15230034275,1367.81831689463,1381.25404125871,1387.12632595026,1378.34256192374,1422.91948946927,1472.14603844842,1357.53087818754,1230.81933361016,1312.20001358807,1369.19761495571,1418.47184628799,1417.71894115853,..
GDP per capita (constant 2015 US$),NY.GDP.PCAP.KD,Uganda,UGA,..,..,..,..,..,..,..,..,..,..,..,..,..,..,..,..,..,..,..,..,..,..,359.206285547545,370.539961015941,359.510382451245,337.997945432752,329.57852173859,332.185941474188,348.37383295348,358.769886121704,369.839286985576,377.780503685951,377.609612721367,395.163949168597,406.592301920177,441.226201168263,468.427898950193,478.250663988847,487.008977266219,509.455395054388,509.19755319016,519.456547890884,547.405338919875,564.720539196569,585.339489080616,604.404813057618,650.270540867444,684.542241787248,722.565167003452,749.342865535423,768.624091660131,816.516366587228,823.580468285493,828.988669729986,845.978664791099,862.934610355811,874.648370639216,871.093880017151,895.07512785438,920.939101515671,917.0350317644,919.401675217265,933.094056370423,955.745797275462,986.090145363924,..
GDP per capita (constant 2015 US$),NY.GDP.PCAP.KD,Togo,TGO,449.342606764031,495.26050964275,504.980942509924,520.581685697876,582.294500576394,654.061784850519,691.452014485269,701.203668501973,706.573820783366,752.502956488716,744.01757137706,720.521073450629,753.671567684871,762.218187734883,779.009633388965,778.537177805542,744.302223552868,777.212712282974,842.402416478213,778.69786774916,867.454056803722,813.046182654418,758.250915974017,693.197485230724,707.572089988551,723.385321562685,712.728508104382,694.906789602319,719.001834924917,726.293542036147,703.623952029279,678.86984140241,633.669030222095,541.357064850428,620.182624671753,640.349913996042,671.50427472391,744.126640948867,706.689579910124,704.043845128067,679.533421599502,667.298334712527,675.440797960321,702.799255960869,678.28759996017,630.248678309054,629.079905835563,603.83784338967,610.405413708475,625.711511370434,644.5632812645,663.96334052788,687.495464571464,709.09186114976,730.291049611232,751.051987587248,763.276185353302,774.274897347436,791.592405216309,810.512262603518,808.300697079208,829.786700130989,861.508010803054,893.753030300995,931.029965529857,..
GDP per capita (constant 2015 US$),NY.GDP.PCAP.KD,Sudan,SDN,851.732421875,828.766967773438,861.476318359375,813.293090820313,780.661743164063,808.854431152344,757.518859863281,746.402099609375,739.073913574219,727.628051757813,748.2431640625,742.029479980469,682.653015136719,661.991394042969,711.013854980469,795.953491210938,898.202575683594,923.200622558594,837.251831054688,765.673095703125,747.91943359375,773.544799804688,790.597045898438,782.225158691406,726.964111328125,669.103332519531,692.196655273438,776.530822753906,764.454162597656,823.076843261719,764.450439453125,805.367309570313,842.008605957031,862.978149414063,850.299438476563,877.693298339844,908.66015625,1050.31994628906,1069.27197265625,1074.88098144531,1111.11865234375,1150.17626953125,1185.21533203125,1226.42077636719,1255.67114257813,1290.24438476563,1336.1240234375,1372.10961914063,1381.62561035156,1301.34729003906,1311.22314453125,1388.21813964844,1288.25854492188,1283.45922851563,1307.3896484375,1292.37963867188,1297.15454101563,1261.87353515625,1185.94445800781,1126.55297851563,1056.86474609375,1009.54888916016,973.225280761719,677.723205566406,578.38916015625,..
GDP per capita (constant 2015 US$),NY.GDP.PCAP.KD,South Africa,ZAF,3993.43679652042,4032.2227245037,4155.85711467972,4329.07391977209,4532.23430548773,4664.09699107786,4722.49942007925,4906.85685086378,4953.80064833126,5029.64691362757,5135.5615026895,5200.7432180827,5137.37692437712,5220.82176643606,5385.83133677931,5327.51843473453,5301.98639575895,5155.68575875517,5168.06930314104,5220.72505658187,5399.54067871187,5498.59203384975,5291.38261097586,5015.37142372166,5091.71936365917,4865.05694085787,4712.81869464239,4664.13011613961,4714.22284174624,4687.291051902,4544.23023212165,4396.36069450543,4225.814328485,4193.59826135345,4258.26184733408,4337.29729686998,4465.50649854807,4527.04992403877,4494.85711232358,4552.85007973031,4700.87555500704,4786.482450463,4916.81498068625,5011.62223150169,5187.35683424034,5406.07581377638,5650.9883176549,5891.42069421698,6009.71963138635,5847.05811084505,5953.94506512821,6067.12482726885,6121.55783860713,6170.87670863373,6155.00589462516,6112.27382485974,6095.295060428,6125.6920507497,6117.2701406047,6032.82972598668,5569.58483319272,5750.90937479584,5786.86505344736,5756.55049453121,5715.47531469148,..
GDP per capita (constant 2015 US$),NY.GDP.PCAP.KD,Sierra Leone,SLE,884.057109677124,886.038579044036,911.239720141179,911.161475061012,955.181698510419,1005.40380599095,1003.80265359623,985.455777250999,986.440732190591,1050.49379146851,1119.62920786369,1137.08055497496,1126.45855224582,1130.75817630364,1148.8917972974,1146.78716522182,1121.22071390809,1101.18995150596,1106.11941393464,1133.68037540161,1165.12783269719,1174.70023539592,1205.86429259504,1155.5985621559,1176.83294082111,1089.92411667933,1076.77818848429,1124.08995764348,1016.68318068952,998.840220254123,992.259351903398,1003.77238191056,828.516034463031,841.770438078312,822.218309819245,755.343467472038,764.924518087367,710.743788352538,716.346032939256,698.548063578049,727.240914632596,642.036645844304,766.788693742901,806.066489012144,829.759768928304,842.906030904902,859.824260714965,872.68836234614,882.54147817868,872.23959352481,902.769891411394,950.760763054593,1025.04366004502,1146.81973456475,1032.23789355905,964.575980888989,1002.77862282013,1010.54694071207,1015.6678297205,1046.96778078594,1010.25294614757,1045.7661615758,1077.08884538507,1113.86837500697,1137.29005673054,..
GDP per capita (constant 2015 US$),NY.GDP.PCAP.KD,Senegal,SEN,1151.00213857223,1152.52290412241,1118.94105784212,1108.08162394471,1118.91076488152,1101.64022957194,1100.59486152036,1055.3388045333,1088.7452650791,987.490527976809,1040.51139206618,1008.44746972351,1041.19576478941,954.176200047314,965.741329994361,1010.12268801923,1071.68040327701,1017.81439448073,955.002175635959,997.714580570366,1012.16661480231,1037.70140590886,1091.73478914466,1002.79157255651,1014.21873121746,1020.46425733551,1022.55326037551,1055.32454152497,1016.8279275159,1027.27575950199,990.777522619822,988.63221583773,974.054860027128,960.506561720788,934.692068072302,960.84709282163,956.588791201654,962.736689457399,995.979085689636,1033.76396461633,1048.37474052363,1067.36886550595,1042.25509944289,1074.38578467686,1098.20064546027,1119.0505307548,1118.7830430051,1123.99862153285,1138.66883930214,1142.65317233964,1153.53431121583,1139.74447892639,1154.05677992367,1147.3859217191,1180.7987108505,1218.00613555438,1257.40906915928,1312.10932776049,1355.09610863712,1379.60875249861,1361.79143748646,1414.5395109385,1433.1991875241,1458.96642332589,1511.89280670234,..
GDP per capita (constant 2015 US$),NY.GDP.PCAP.KD,Niger,NER,742.408910760982,753.981029403906,807.672762509411,858.546951094184,835.221509892938,867.904426539843,840.539531726947,818.380472772694,799.123593259994,734.9092210604,737.081602875182,758.401953641467,700.360678791067,565.626253176058,598.962615904251,566.675700752682,555.074291271365,581.701168587623,641.441821701708,667.364414151822,631.839702011287,612.157290468376,607.151503137229,566.647875215942,457.605845032569,478.48763243638,493.804077148173,479.510568113117,497.164557867416,486.865683851794,465.923889536505,449.719266854731,444.632775312455,432.184449587188,426.267506763664,422.523153898523,409.039358698404,401.724988110363,427.086030331896,411.735699209485,392.898616941042,406.923493665264,412.123793192578,406.333757497876,393.398781453199,407.190931059924,415.852022114801,413.419126261066,429.195542798877,421.650901333136,441.079166112039,434.986264873953,463.066265496402,469.690214200878,482.74524741946,485.662574175279,495.017437216008,501.615305462902,519.546993483886,532.186024570389,533.194328910254,523.263179518652,566.797962983866,557.572652727864,595.151744559316,..
GDP per capita (constant 2015 US$),NY.GDP.PCAP.KD,Rwanda,RWA,335.440568955124,312.295048675898,339.041847915488,298.910296164516,255.69258169519,266.551579441172,277.262742378633,287.621604929805,298.387226680714,321.172800597675,330.236201295895,324.489941414434,316.07039682428,317.553390150292,312.732594544573,297.252681804931,344.884463731809,341.522817995278,361.897103401866,392.811021697651,414.885272054762,423.670748618191,417.422791613551,427.870790962399,396.15353757109,399.872395547056,407.894133857227,394.648241738036,399.466315173061,387.279968201329,368.219602425258,351.728542825213,364.8092069198,322.716818710568,188.658278473302,305.387824462464,291.210840482528,286.805194458463,299.601139695983,310.098130200543,333.355090143084,358.446058691452,400.270421264911,400.191620648726,418.780997277457,446.029809636404,474.364599463307,497.171622130545,538.325372065592,557.397804859216,583.371416419483,614.539650123021,651.852818665834,666.408788783175,690.610394944356,733.998629882494,759.606288155109,771.069237513582,817.578437300032,874.639658935978,826.391307701022,896.271033574985,948.413686948024,1004.33216650024,1070.45003770926,..
GDP per capita (constant 2015 US$),NY.GDP.PCAP.KD,Nigeria,NGA,1454.98091927783,1428.11709253028,1455.81737398163,1547.48395499883,1589.68156021193,1631.55987468263,1528.59450365696,1260.72712413534,1218.43317476044,1480.04711892566,1808.39459103973,2018.17321464601,2036.69397821361,2093.63873175684,2267.04408449494,2089.85507779178,2214.32261606968,2278.69721767638,2082.55279909898,2155.78965300201,2177.41578655323,1834.28760820914,1659.09814351168,1440.0174778262,1387.92176005589,1428.92742820366,1391.47877234542,1398.24883298999,1461.19132231299,1449.68017647113,1577.19616627741,1541.59066261036,1571.1902261783,1498.95895037787,1433.3886109229,1395.07488456856,1416.10189471212,1420.23877961207,1419.31770917955,1390.46921139078,1421.67987952013,1465.45720342309,1644.39518877633,1717.2145111176,1824.80269456773,1889.25175325818,1949.15856804565,2020.83316299454,2098.28339220668,2204.6072560373,2315.46676509663,2370.97657091803,2403.65387896924,2495.34106573749,2583.6155695814,2585.73360671797,2481.81490350326,2441.71236404488,2431.77857832568,2431.53528472982,2228.68631422888,2206.66406250067,2254.29080416892,2280.91931156115,2324.64881202751,..
GDP per capita (constant 2015 US$),NY.GDP.PCAP.KD,Sao Tome and Principe,STP,..,..,..,..,..,..,..,..,..,..,985.09180236877,1015.74666793194,1017.08121320436,1011.34975679533,1045.17670623037,1075.52552217484,1065.93941593131,1281.27707655704,1283.3570836238,1454.96872023117,1405.76061531863,1234.82085380117,1249.50268222753,1179.55626040759,1087.44153359985,1163.80724250137,1071.36164381493,1014.69125831664,1008.24359402711,1013.50760361265,967.490807502814,957.946483063679,946.482495103288,939.606669438019,943.891404294867,947.331538535199,947.030151309961,942.971185295678,953.9855008639,966.2268289095,959.938180991352,973.424252100436,982.32906557627,1036.86196260207,1047.05796134884,1089.14778798762,1157.0861446542,1170.51612474435,1214.14114724792,1225.60541902997,1216.3502521663,1214.96130276731,1225.6945255615,1263.70423995281,1301.32146445028,1298.10946596396,1342.533807689,1375.59403284199,1413.84348618541,1420.66008316091,1430.84119299096,1428.28676097975,1403.23356704678,1380.60169416257,1368.14347554019,..
GDP per capita (constant 2015 US$),NY.GDP.PCAP.KD,Seychelles,SYC,3169.8719362006,2931.52295872465,3094.82323303369,3322.94260496593,3432.56045494627,3311.93105019453,3679.30050746873,3608.07514941437,3787.78708615717,3698.74352837889,3934.10745937442,4466.48702153242,4635.19530046487,4978.1966610497,4952.09433656679,4992.67635279626,5689.07506488881,5226.17270451846,6294.51380248905,7226.36841156741,6795.44213443153,6453.04441345632,6282.31243363473,6251.16837292603,6481.83312252185,7091.31069778707,7100.93735358387,7137.55603586632,7489.74029923645,8210.90696953337,8779.85231337378,8902.83798776266,9497.7554107084,9981.2446035158,9481.8805265777,9388.81967720743,10177.0904671696,11284.8459766598,11339.3481297046,11326.9386083063,11703.7535246117,11427.9413083015,11218.2606464315,10677.9692081272,10412.0868936027,11297.3118190493,12105.4475265558,13112.8210098816,12473.2921769121,12116.3783687977,12313.5566919249,13843.7116081878,14135.0010570653,14050.3135581314,14395.6158118771,15333.1051727105,16962.6753972731,17921.5731976918,18628.1862276696,19481.6461053742,17048.361729788,17005.0422063679,15869.6738782504,16242.4365925219,16586.4074964781,..
GDP per capita (constant 2015 US$),NY.GDP.PCAP.KD,"Somalia, Fed. Rep.",SOM,318.824826584247,300.513429927182,313.492610868767,313.980360234407,287.182893086447,263.102792359549,279.600767518561,288.543367817636,286.759457432346,274.575438546072,279.670909034065,278.264327679532,311.4164264245,266.402554956813,261.538388550601,292.525184353143,279.998608750809,309.814719435228,305.259525649075,256.278933202745,239.47024347351,252.485050366421,258.564156472592,221.453992833647,220.505292974977,231.96066199892,217.822044975268,231.385120661851,239.054073867161,252.360849486709,259.400021870078,277.598802350408,266.498410042902,269.406204622588,210.446194601775,211.087530841637,219.936381873579,214.852351289061,219.712160749346,226.444111028735,233.032393086265,239.83907408804,248.636454000766,257.910337235986,266.257271856641,275.457040798093,284.470789865234,294.210404466634,304.741448811117,317.03818481457,329.970504936941,349.577449077722,369.617204753385,397.108796344858,417.516796906395,445.583080073396,458.921476824605,506.501098879459,498.981065013872,494.444039712339,462.867053737236,461.627830725978,460.046226685196,464.721069525567,467.269910194415,..
GDP per capita (constant 2015 US$),NY.GDP.PCAP.KD,South Sudan,SSD,..,..,..,..,..,..,..,..,..,..,..,..,..,..,..,..,..,..,..,..,..,..,..,..,..,..,..,..,..,..,..,..,..,..,..,..,..,..,..,..,..,..,..,..,..,..,..,..,2289.18415375563,2293.80166888543,2295.07026096006,2073.23981819145,1069.19619080938,1165.16202707495,1197.09491969479,1080.14718624765,..,..,..,..,..,..,..,..,..,..
GDP per capita (constant 2015 US$),NY.GDP.PCAP.KD,Tanzania,TZA,834.492431640625,820.259765625,869.289978027344,897.041076660156,918.554931640625,929.989868164063,1006.95916748047,1030.11999511719,1059.94592285156,1058.02795410156,547.600341796875,549.467468261719,567.920104980469,581.759033203125,572.999633789063,574.565002441406,572.357055664063,552.289428710938,544.240051269531,539.403015136719,536.933166503906,515.711853027344,498.374603271484,480.399017333984,486.725524902344,476.979888916016,486.831359863281,493.825897216797,513.868591308594,519.22265625,541.544799804688,538.966979980469,528.781555175781,518.66259765625,506.972503662109,508.840423583984,522.333251953125,529.954223632813,535.363159179688,546.605529785156,555.348083496094,573.400146484375,598.421569824219,621.720703125,650.516540527344,680.051208496094,704.502746582031,731.52001953125,752.540466308594,772.929565429688,801.29931640625,838.999267578125,851.910705566406,882.8115234375,913.811218261719,939.127319335938,970.156127929688,1001.55895996094,1024.01525878906,1051.7666015625,1041.25964355469,1054.31726074219,1070.58532714844,1092.86413574219,1120.77416992188,..
GDP per capita (constant 2015 US$),NY.GDP.PCAP.KD,Namibia,NAM,..,..,..,..,..,..,..,..,..,..,..,..,..,..,..,..,..,..,..,..,3543.52830787347,3538.05908413962,3461.85974021427,3309.62139241894,3213.57377389991,3137.53895430851,3187.74903180322,3196.99658679727,3111.60654486305,2974.56787424784,2857.33777498196,2989.40001637296,3104.24536078011,2959.27503800966,2918.37740296161,2945.36226956201,2958.24060697383,3004.30804359997,3025.32668011049,3050.46098873323,3083.59657884697,3055.40444831936,3145.94566281247,3232.30589658857,3582.89503259701,3627.75059772278,3834.99894666178,3987.61796106565,4036.38187484707,3989.20711387651,4165.12990200988,4302.72451368462,4420.96741373862,4549.26759093897,4701.95694189098,4774.10650865775,4648.62713460213,4476.73324402105,4400.47537705743,4243.09274481966,3787.49943973286,3809.80753359714,3905.55135268164,3977.97779909619,4034.35053463284,..
GDP per capita (constant 2015 US$),NY.GDP.PCAP.KD,Mauritius,MUS,1424.29010345078,1748.63256830363,1713.42321026076,1901.24062621625,1728.13682871425,1744.02502158889,1647.20337067443,1686.29025868963,1541.60370922755,1589.78987783406,1557.33265295219,1598.28657713606,1705.62430633612,1881.79264625847,2016.77662152425,2003.20600569046,2439.34423070006,2557.11165843991,2620.59779038291,2665.94701675721,2357.63224017333,2459.59464455139,2563.27394471424,2549.55606839535,2641.57521689208,2802.28538528837,3051.86356039395,3298.43785160942,3498.28093780872,3626.60106016032,3859.6444147337,3987.55945306988,4191.74021836504,4352.85511912038,4469.87416457643,4621.61639619164,4830.20993790498,5041.40686512359,5291.58766014963,5361.15873837858,5744.19830169899,5889.77138546269,5943.48081247767,6250.2637051329,6480.13648507258,6556.38819193225,6843.39977734988,7202.43853899489,7563.03143738425,7793.0308214588,8114.82056038003,8432.19129317694,8702.82242878289,8973.51550099533,9300.07878638583,9630.5437837507,9995.65028642071,10379.9138706732,10789.9241521132,11098.3137067341,9483.67602630847,9804.0031863121,10688.4383112722,11348.4337725632,11934.770909957,..
GDP per capita (constant 2015 US$),NY.GDP.PCAP.KD,Mali,MLI,..,..,..,..,..,..,..,513.940886348933,524.932345516454,518.077363011379,541.218632568455,546.290613248704,568.782332688285,550.872855338743,532.892656755871,584.242915257345,652.038467051743,680.721255932719,657.893225953813,711.946119364869,667.105922219684,667.725533547502,598.548453287839,572.094412286836,544.215667495735,603.792264356221,588.187728596193,573.572204280431,624.555381780193,635.07828701788,589.775405883669,651.363081549537,606.068363323528,619.374429340424,640.081008924462,630.924447487992,656.777675992751,668.480326659359,695.126372031158,707.881746309111,682.49742045713,766.960343246307,766.073669042446,814.808466525191,800.501816706213,794.373328211361,797.100532884951,784.893915016638,787.156518987615,803.486738927624,821.181286587872,818.399030995547,786.323471336853,788.819448205749,813.975661285204,838.11986940103,860.75307554569,878.561348377434,892.978322791418,909.751069703313,872.389426814294,872.332509419855,877.817842432934,892.360907760383,909.755317910813,..
GDP per capita (constant 2015 US$),NY.GDP.PCAP.KD,Madagascar,MDG,812.250361890455,807.540073151815,804.713147422012,776.884057825641,787.058949603953,763.403670639472,758.928205137102,779.716062786951,810.5066908574,817.562921868275,836.540881714049,844.493878879637,809.524118883836,765.217007612961,757.532392832002,744.310095866488,699.987924820762,695.149219761086,656.398369596654,699.485480907614,685.100689761521,599.781047690351,571.230461402833,559.661168899672,553.131009938747,543.513684745557,538.491952606661,529.509105998087,532.03346958824,537.840431033529,538.536275056569,489.716098120013,480.810932444988,476.159733326381,461.397665709464,454.537946632781,449.6280870806,451.303199370831,453.886174768872,460.034389996571,465.529509827021,478.40561494987,406.70122213637,433.601040301214,443.278654985967,450.955230911228,461.540337897729,473.785462328449,490.963935389518,457.789754866068,447.417143030687,441.755158414121,442.641500123543,440.674658903628,443.343869908205,445.320069480568,451.15659433146,456.851859574031,459.330367799543,467.27741349648,422.924255422319,431.599103077746,438.516263353189,445.834551910581,453.383067004772,..
GDP per capita (constant 2015 US$),NY.GDP.PCAP.KD,Lesotho,LSO,262.740430477896,259.766244822179,290.783296423173,312.241145215823,328.198191287611,325.590538885237,314.05528569707,336.08707480963,322.801616409112,316.095837742896,311.547635974626,316.016165909906,304.474412653521,371.74336550207,398.583050725907,333.011647916614,358.129667050375,423.805354129932,487.351455588325,487.16604508229,460.201617282317,450.102526288964,456.70895712652,452.520331729117,464.085693764499,462.892172294155,472.432855957162,465.473147313833,494.921891483579,513.106302889949,533.824964193999,560.884905718596,590.008212092485,601.55791413154,628.960051227201,641.758711944969,670.469581774155,689.806218455005,696.935973937753,698.441087182066,725.263668707773,752.243212493971,760.033443180306,798.540500554454,817.793597897186,853.960500629797,893.750686627156,927.26863327342,971.881366821351,952.747929746529,995.233432451681,1031.99721564343,1086.39034816283,1093.95323489272,1100.04993684215,1121.19851342518,1147.58748801671,1097.82166812752,1068.44462913373,1040.99351014117,944.834128375429,955.221236301503,967.51928598325,974.382478149793,991.069661910744,..
GDP per capita (constant 2015 US$),NY.GDP.PCAP.KD,Guinea-Bissau,GNB,..,..,..,..,..,..,..,..,..,..,530.038207842032,507.729108295228,539.728776699538,540.022721959447,545.743584355489,554.539611146607,545.716719833003,474.082444095876,502.503980418456,494.912807263144,411.228191061056,478.365016394864,490.618441344467,466.478485144929,500.948088022197,513.578560199997,501.441680283283,507.779967171681,522.568587226461,545.340640363452,569.169670374215,585.58551396824,574.852002556155,567.860072938098,568.168871993007,578.381849917403,632.160906920913,660.537774707954,502.81554020706,576.330795296558,571.094015178625,585.837980688333,594.040535151552,579.092506821836,572.526464627294,595.94255560187,597.257151722046,597.482020935948,608.958620496925,608.202131879882,625.904027290582,658.953470528116,630.66862302825,634.095456089352,623.610159103365,645.066837207039,663.242608032005,677.466131311367,686.456819839526,706.298562874985,710.275129060129,729.627090607537,752.901123263165,779.085789155531,793.692157673779,..
GDP per capita (constant 2015 US$),NY.GDP.PCAP.KD,Guinea,GIN,..,..,..,..,..,..,..,..,..,..,454.021892849015,469.853004135626,472.476065773993,471.890918542322,488.622222643696,494.755008028771,525.693823301009,500.224866623139,525.818457287848,510.937903652384,515.075498240815,508.556746994401,507.412755095438,503.254700009446,499.099790230844,511.885502734728,514.948827108147,518.460706253598,536.935142790771,544.125289836889,548.371534819426,540.622747465388,540.768238017649,551.006742654772,555.962782286148,565.553359749505,574.302865750492,591.77353015526,601.907993085373,611.007685844967,614.137235083638,628.320554864936,650.554963973291,644.071217908894,645.182843390689,651.359606871604,645.472001923653,673.698997420626,684.775780377366,660.756701330284,675.736917327708,696.199991395571,719.505916794546,729.833143236326,738.272274481308,747.356966759448,807.236421043888,867.907502577607,899.907328045175,926.42221954853,945.570903389665,973.646890096159,987.502501465337,1016.88094800324,1045.92207475817,..
GDP per capita (constant 2015 US$),NY.GDP.PCAP.KD,Kenya,KEN,792.958020207348,704.532413221054,742.214802683441,776.61405320386,783.777273902912,768.312009345226,847.028481793247,841.449011083599,873.396320093881,906.636182608442,831.801819281121,980.029449369286,1108.22714085008,1133.74828467608,1140.55255920466,1113.00977634208,1100.6565011535,1165.36861222478,1203.76787713531,1251.31913330141,1275.28269729355,1276.92778781689,1250.61396929068,1221.53485890834,1198.09437242046,1204.91932367736,1245.98851025394,1274.22087961614,1306.36433683504,1320.50774519897,1329.33312766232,1305.46415701447,1255.93870622359,1223.50616725762,1219.7841113305,1237.88250467675,1254.21025248674,1226.19542113337,1232.06658106635,1224.63404639886,1195.41296851656,1202.29348759987,1171.4262517349,1169.14433674051,1191.25443604556,1223.44738472019,1263.54164666211,1309.91092948216,1273.77226103073,1276.73503486074,1340.16467408856,1370.58000874482,1396.30178709756,1413.94142522583,1450.59338202277,1489.11959777284,1517.97796057742,1542.33773973372,1596.69045914945,1645.70961777862,1609.33414078281,1698.89578271444,1747.53198804428,1811.21651838425,1860.02287047776,..
GDP per capita (constant 2015 US$),NY.GDP.PCAP.KD,Liberia,LBR,2444.31469526757,2443.49659480131,2415.69266041905,2409.4954202823,2470.56791446524,2524.01173421628,2650.22595716575,2758.08976875735,2816.84664683349,2945.89004216618,3062.76012670052,3133.08794246405,3181.18745918364,3029.07698774212,3089.60241101354,2902.91706211827,2974.92235227576,2938.3808063932,2991.43152973263,2999.25307157856,2792.03699789523,2653.14625045204,2514.92132162384,2394.57437804073,2272.71154024111,2185.92809767452,2085.95288219421,2005.365759545,1908.45304051582,1360.08049123405,754.134009462384,735.180658658157,450.538677691808,290.388920233659,227.742776021788,216.093554614513,235.435058248512,449.286058616964,528.670341826706,609.040903258705,754.850917360951,754.422355762017,762.716393927064,528.567395543421,535.995882066218,539.665378841936,551.377446611852,574.609394348543,591.185378141907,603.256211077605,621.783295071575,646.908727016597,674.360011422232,717.007280358975,707.157694930142,692.590082351257,668.031513175601,671.260899835355,665.875439637137,636.699384824869,605.025475431411,621.927983063426,638.005183858289,653.329188343162,665.101337624192,..
GDP per capita (constant 2015 US$),NY.GDP.PCAP.KD,Malawi,MWI,260.372803776879,273.671621408503,268.930590447321,258.785106001313,259.238122939762,287.429237122103,317.619584182681,332.425655375486,318.047172486263,328.552929300512,322.094520458592,365.077375924135,378.037141418137,376.728815500011,392.972432824442,405.377974102106,413.438148179235,420.514723667702,445.993639511543,448.71641753731,433.515183153301,394.77170082524,388.989575970974,387.845329799767,392.970121764045,395.418720697156,380.298046902206,368.458072161033,360.182864554351,348.201112852441,353.771303717595,372.997561772469,335.726543539643,362.930995399017,329.584099900642,385.279714072363,405.397063690478,412.4131068375,419.313245170577,422.099909963762,418.592985038462,388.260039763569,385.308980237095,397.224846758815,408.064916052765,410.267979592536,417.877689776503,445.254305419586,465.55147298007,489.631418790158,508.088650552846,517.833736624232,512.74031797451,525.357645516557,539.562601918057,539.605363240686,538.221990810959,544.795729220349,553.528790902088,569.866249371948,559.447086086067,569.968967322435,560.635759714941,557.03523965791,551.95152347056,..
GDP per capita (constant 2015 US$),NY.GDP.PCAP.KD,Mauritania,MRT,..,1258.29089340116,1233.87062562594,1176.58206707027,1460.64612168482,1648.15508784285,1603.93873851294,1612.02915046702,1723.35775339553,1692.50794532791,1838.41001374306,1816.31114754056,1749.52293380609,1620.10877497697,1763.89532128038,1624.67349556081,1712.5637423748,1632.68713881863,1579.02167613992,1608.41044480032,1616.06630331058,1624.61577944679,1541.58055819249,1553.80890668568,1460.98164180622,1461.93452033511,1501.59342458119,1486.69636323159,1469.21194739442,1501.23289513922,1437.75048235693,1421.32599916128,1393.6010549879,1416.96725698321,1327.72304115123,1418.64664553675,1471.80330919792,1381.16274883447,1383.19229722759,1396.17220086364,1304.64439067179,1262.65567288639,1252.10300454131,1308.56307582578,1338.66768122804,1418.53202144135,1637.04191255803,1563.60628765192,1514.2655013629,1469.05426880813,1460.19179652873,1472.55245572229,1488.97177557214,1502.90142381083,1520.64621634902,1554.94897871782,1528.05152299375,1576.06857825162,1602.90225649072,1605.1352359742,1553.30615586591,1520.3111804259,1576.75624107308,1634.89897144624,1688.6139322919,..
GDP per capita (constant 2015 US$),NY.GDP.PCAP.KD,Mozambique,MOZ,..,..,..,..,..,..,..,..,..,..,..,..,..,..,..,..,..,..,..,..,251.567549222861,258.850606099762,235.767482817497,194.645654684469,178.41568638255,176.854086200431,169.787799695594,193.956902454941,210.222304910608,222.043123475899,221.048981086396,227.4627362365,206.194607588583,221.624579964898,220.478583291331,212.086249862904,227.198486695187,247.184945629196,266.672705397492,291.560018665606,287.390630344484,317.185703581034,340.13537022259,356.521157404125,377.064958084878,391.699758163976,420.526462764726,442.049574057751,460.94729485679,475.788178051193,494.162859074785,514.869957191994,540.2945177803,559.393953685688,585.266716133984,610.563774706589,620.779714954555,618.397694360334,621.153734194787,617.13932000195,591.804059985932,588.215854695416,596.058889461466,610.433258850746,605.604720848519,..
GDP per capita (constant 2015 US$),NY.GDP.PCAP.KD,Ghana,GHA,1100.76305218242,1106.49456785536,1124.53316411011,1146.37281080406,1144.13832736884,1132.30702640524,1058.32348060355,1064.83941805326,1043.06652540406,1078.40357133549,1152.05176710267,1179.06074375302,1117.82315272421,1117.34245836667,1159.77576208586,986.613046328261,924.779241630551,918.336702049617,966.366546263631,913.729023099301,891.578049368905,836.509660283615,756.294499573179,700.396045771895,741.569874205891,762.747783660855,784.937923659407,803.929610179043,829.017387585837,849.686579158456,855.85250708181,878.63570406594,890.313174799419,910.722897752222,918.428722656692,933.895311664356,954.325387944775,970.995739362631,992.20631798932,1010.88194916348,1022.27520714566,1035.22666053257,1052.46591644399,1077.69990866645,1108.30475353633,1143.31178934301,1185.26570738595,1205.31705804209,1282.63416886747,1311.63053760125,1381.2279503506,1537.81834019283,1640.54072088003,1718.59704769958,1726.36930134647,1722.77282833606,1740.81101902928,1841.44636153249,1915.4532323781,1999.55372220211,1970.19411460398,2030.04866500967,2067.20895910766,2091.8133564595,2167.72691406678,..
GDP per capita (constant 2015 US$),NY.GDP.PCAP.KD,"Gambia, The",GMB,..,..,..,..,..,..,541.080188773137,526.393360555569,560.868340169724,558.54686424948,576.3284949378,559.62991364986,544.839051932197,577.941930022901,594.161379584551,648.280119394208,674.974030161572,676.455417537658,696.184905331213,664.353754557366,682.144429383382,680.763235791179,652.066636208096,696.849478073282,694.302648852541,662.008143550023,662.002325492942,651.245092357426,653.000030965074,663.331309889547,658.711165332156,651.229615381431,646.421031932611,641.918738488002,622.551318791124,609.618491441846,605.40992484126,617.297597679527,621.226058231623,642.873705091153,659.911237641141,679.539755947951,640.03893213613,665.834222326194,693.563314497133,658.676285443081,636.596026908866,637.20930597537,657.675679192228,681.433469086571,701.014524591061,625.464360270983,639.139881889048,638.522368532214,611.879472952196,619.536364296461,615.193365494386,628.777299272925,658.127833258563,682.797642940426,670.758642891251,689.49323955737,710.686979216316,735.612383709511,758.96588872906,..
GDP per capita (constant 2015 US$),NY.GDP.PCAP.KD,Ethiopia,ETH,..,231.020311732483,235.017038203337,239.386778488611,242.704624004673,249.912231375365,261.150022934557,264.675697737817,268.128469203589,264.47488599322,266.245461715207,275.976263514282,280.058137263866,286.63864651165,288.463346176636,285.006045430116,278.3136620268,280.444448365703,283.283138767077,276.040285482629,292.153506886342,297.391843880891,288.690088739962,303.85728316787,287.621232002049,248.47060503182,264.539002422205,291.112259309145,281.374024417104,269.793522386618,267.078134508598,237.502454667904,207.967880879774,227.173295614208,226.399912642527,232.230450633845,252.612985005506,252.311666681832,236.05551452188,240.604711286049,247.505413659694,260.04231608135,256.066635883709,243.076666020009,267.923513391712,290.833381425059,313.013896721503,338.799064654308,364.642208155735,385.632419711374,421.898622378633,455.909628648555,481.639999909808,518.324662208106,556.362532243867,597.912113218663,636.835680951429,678.98541915757,705.96881207336,744.702789753973,768.705424485209,790.65701959778,811.177729326201,842.44660489404,883.458588619291,..
GDP per capita (constant 2015 US$),NY.GDP.PCAP.KD,Eritrea,ERI,..,..,..,..,..,..,..,..,..,..,..,..,..,..,..,..,..,..,..,..,..,..,..,..,..,..,..,..,..,..,..,..,642.072233527209,705.988405158037,829.915037227268,806.702995328956,838.660572635214,895.033773452053,899.082974199102,886.053679218386,845.132430060544,893.268735439193,889.009113592982,830.379672282601,808.591420184592,809.794793468889,789.402432018085,789.072701743247,693.398874212494,702.430936480778,703.877374381654,751.374899794668,..,..,..,..,..,..,..,..,..,..,..,..,..,..
GDP per capita (constant 2015 US$),NY.GDP.PCAP.KD,Cote d'Ivoire,CIV,1495.16746754194,1584.79700802047,1544.73084077175,1701.85098116155,1925.78185183022,1795.15446525207,1927.01291240163,1939.09574002605,2099.19940540587,2209.89957239449,2340.31065205636,2453.14652785489,2445.07611276194,2475.02677039287,2466.81998522238,2551.2970644557,2765.86772079083,2861.15876809449,3055.94030479339,3010.66074752137,2576.91660095729,2562.42591923373,2466.30363782942,2276.86700017061,2128.64190478015,2138.06011188618,2123.07460132975,2035.62090959375,1981.38877451772,1962.42170003804,1866.0785698741,1794.12062566918,1719.71261335163,1649.47036183619,1598.69239055813,1647.08777075504,1706.97650014485,1801.13163122133,1808.42289027986,1770.86540389357,1717.95385651231,1636.57318705218,1551.27925902838,1441.58801755037,1451.86547141894,1431.73320203111,1437.77453798586,1420.1738958245,1454.62731800082,1473.9183699329,1540.52927270246,1426.46463864534,1503.43433046682,1632.32712787006,1742.53693001178,1814.71855088017,1889.27777949938,1972.81431788947,2013.32307598499,2093.09994335779,2055.08483996432,2146.47635317946,2227.09845246984,2315.38147441648,2395.67689089222,..
GDP per capita (constant 2015 US$),NY.GDP.PCAP.KD,"Congo, Dem. Rep.",COD,1302.84345903481,1131.98772586452,1336.6998089344,1369.60082154167,1300.8958995998,1278.25079403072,1326.48771356794,1275.64800012337,1292.4576202688,1372.72158763073,1330.80191738713,1372.67158662084,1338.80477318904,1409.50960050226,1415.3013778405,1309.61694062181,1208.43992183964,1187.22781798447,1089.43139011844,1056.32764928324,1046.19884187998,1040.05243655308,1004.68917686245,987.078612402051,1007.5315807597,979.229876234951,993.629063435171,988.544179306769,961.885634113761,920.159121957634,831.662947440969,736.691215470812,637.436883335816,532.214450612231,487.814601480181,471.254216678637,457.55178560632,424.966609734203,406.859287635037,376.62289344811,339.52682222392,322.033920024307,321.547848190451,329.709536540469,341.714925751419,351.708486411683,358.454382275579,377.437143095814,393.331182464822,383.515898271062,400.619567973092,417.130434045991,438.406058243633,464.526715460494,481.830241883776,495.826633014883,480.461377880475,482.854682128541,495.312105711027,482.524295129472,470.852950000929,485.160805929784,513.512704372167,539.45912637913,554.244129980766,..
GDP per capita (constant 2015 US$),NY.GDP.PCAP.KD,"Congo, Rep.",COG,1192.85616529576,1259.50432623652,1290.76325572732,1206.1534137723,1218.55873958116,1228.77600898682,1210.73883952684,1201.40130423722,1255.92951871902,1311.23001699027,1353.23817407044,1414.23871124911,1489.16526262926,1562.12627199102,1633.5218596222,1711.43754680841,1685.48230892799,1498.31802356781,1556.66717228441,1670.77966059118,1921.96861829766,2211.31674185091,2674.95109240622,2773.62663758927,2894.09973517119,2776.76428489105,2511.48682046393,2443.79019878646,2415.94091643835,2408.14159896257,2363.76701814587,2352.52754080776,2346.67913794406,2255.94360801961,2069.79640456567,2092.54337905245,2122.62819294837,2064.7536042465,2095.34403570595,1986.8478922289,2057.01922023551,2056.16505922617,2100.16876714574,2058.88683675038,2058.88402946896,2140.03686200251,2226.0233547376,2004.10103961966,2061.55829880574,2211.31572382028,2332.28508055953,2307.49384399715,2467.06102906839,2390.65754938662,2488.68118548992,2439.35189403696,2174.19310251224,2003.27121075187,1909.9560382117,1885.51080877731,1725.51040049963,1701.79060456872,1686.00234391385,1677.08549205924,1679.58061097707,..
GDP per capita (constant 2015 US$),NY.GDP.PCAP.KD,Equatorial Guinea,GNQ,..,..,..,..,..,..,..,..,..,..,..,..,..,..,..,..,..,..,..,..,457.60885754267,460.694903212462,443.126779908142,436.571815905833,415.030661056573,443.495676350693,412.631312540002,412.790221907507,407.241360186668,387.128291910418,366.314404747023,349.352882285968,453.637813917067,485.392231712925,545.595470854947,617.294826128753,989.777266733628,2380.32106827232,2833.33184629343,3423.12126162912,3839.08642737128,5882.85050306586,6604.00546310809,7082.65489186921,9208.60566707162,10212.4545051498,10521.9996774827,11594.9172068456,13048.0703050168,12627.862381545,10984.3243932426,11203.9073679091,11650.7196270884,10731.6455729191,10363.4872473549,9068.91003238645,7971.83401904573,7259.10936454803,6578.90039765711,6018.12066321865,5575.26241511492,5487.92479201992,5524.24312418579,5118.21986148331,5041.94038551173,..
GDP per capita (constant 2015 US$),NY.GDP.PCAP.KD,Eswatini,SWZ,..,..,..,..,..,..,..,..,..,..,904.758288940484,1001.92984186377,1027.69283540475,1089.3879155982,1119.36003750229,1238.16350597544,1175.66310630915,1150.13175298559,1127.62759129896,1124.88785465554,1223.7010122456,1357.00746151632,1328.04038032375,1300.5544789406,1336.42629570893,1337.19295932987,1442.88839640842,1590.689371117,1618.91934480167,1745.0256877423,2027.97481893357,1982.41521465314,1969.96082543683,1972.80340757512,2020.384816101,2119.58163577162,2157.86134470358,2187.6982967057,2216.00896601996,2256.76912678764,2273.04683761056,2283.98316815361,2358.56935643468,2448.83792077995,2522.14342097167,2658.75180508187,2823.48728215402,2928.46845823015,2950.67334362132,2973.83456912379,3069.52175725884,3108.70225253092,3218.50138205493,3332.11983927912,3381.79292071291,3419.82276559528,3500.17688847942,3596.23605400492,3565.54285067501,3759.67106964666,3609.3669136859,3719.03838239806,3695.64957179548,3790.16576788091,3864.20550510839,..
GDP per capita (constant 2015 US$),NY.GDP.PCAP.KD,Gabon,GAB,3311.29693814036,3756.64160763217,3987.37302717701,4176.14999511174,4307.94711821812,4601.58264952403,4738.29146948499,4857.54224653835,4899.79966024679,5195.79922572595,5527.63605078666,5969.45075181197,6511.21796044723,7026.71576594733,9594.10323180831,11184.7241895352,14823.8829930465,12653.3137502918,9377.06283780252,9187.35765811771,9182.52680219592,9399.27026015795,8866.93461619978,9113.43670535789,9533.31659324811,9058.4995497615,8741.05138607781,7044.15674885946,7730.9357484059,8162.58240779554,8354.26309000876,8627.38985737905,8138.86821905371,8237.7433874389,8322.61010843084,8514.94009899596,8603.00813400361,8870.12550864019,8949.1211008365,7944.64517936466,7596.09970650519,7556.76995314898,7338.75620613605,7301.67154442842,7148.98713447497,7130.22505771754,6724.08148977274,6908.67399162999,6468.38523357609,6264.83611480154,6481.49612073562,6699.23394606512,6803.22668079211,6938.25753862236,6998.60545439576,7047.12654634355,6991.3251446736,6840.05959347802,6724.5961429108,6817.56879468764,6534.27966528997,6479.04900690761,6527.48207900404,6541.2536861807,6618.98685865885,..
GDP per capita (constant 2015 US$),NY.GDP.PCAP.KD,Comoros,COM,..,..,..,..,..,..,..,..,..,..,..,..,..,..,..,..,..,..,..,..,1171.47218195881,1201.09863988415,1215.69264235629,1218.84592802856,1234.65105275843,1233.95176608001,1224.91897248038,1216.49041458696,1242.89592167457,1199.03723214285,1253.76196294342,1148.13931888356,1207.29209443855,1215.6495051112,1146.70713941919,1190.50038004288,1164.20336109423,1194.79487327423,1174.68989605102,1185.07043579337,1150.82840106354,1188.50107049357,1217.11501559943,1216.98036712949,1231.14746798849,1274.6143662974,1227.24636392125,1212.69629084896,1235.97247187374,1250.90035344227,1272.60650664705,1299.11099021922,1313.5812493744,1343.5451171047,1342.32802421364,1329.37048235986,1345.62555739306,1369.41038262485,1391.84620461012,1389.36430643805,1359.70624686714,1359.76242021159,1368.3741885336,1382.51308503106,1401.88898411553,..
GDP per capita (constant 2015 US$),NY.GDP.PCAP.KD,Central African Republic,CAF,575.894391468806,593.189558332525,560.326768152575,545.581408664112,545.874892158702,539.817040213822,531.90309134597,544.747072768765,540.093413129288,565.30834319678,565.812174200598,560.464655722271,549.598711724139,549.35454984184,573.024209010012,564.260762473446,586.137157573357,602.199701083141,603.119667759043,581.982298397451,549.851069399498,535.271803204363,569.909860587753,517.400561236801,559.576063736741,574.324850721819,587.348322352386,551.039434586106,551.209370152878,547.973638780833,519.786735961912,500.991150890901,454.148968239471,441.384907508364,448.784442959801,468.150527620686,437.925054761723,448.634663639551,457.148858416438,460.827900216085,437.168928414826,446.658634192083,452.808702217035,418.240532289858,433.825227770233,427.968043155237,439.294330902768,450.762785401893,450.313616886022,492.215398914836,519.141456408484,532.38295493852,553.729578314912,349.821171688973,351.561554911625,366.322853938121,376.858254120398,387.35795131742,395.020015455909,401.82582161435,398.834274122139,396.020622931961,398.91539795642,397.467795750451,389.938307964229,..
GDP per capita (constant 2015 US$),NY.GDP.PCAP.KD,Cabo Verde,CPV,..,..,..,..,..,..,..,..,..,..,..,..,..,..,..,..,..,..,..,..,581.755065828323,622.175843789433,630.373215165836,680.309270761066,696.047255683761,745.620229080143,756.26010041403,777.830957355952,813.037458467319,846.574036092057,835.120723175504,826.681399309547,896.519359558541,953.861011115729,1113.93806476467,1248.28104350759,1365.49820603623,1492.01847422507,1652.11117220593,1809.80582624137,2037.31720912714,2051.21733888102,2127.70872296502,2186.89500422765,2379.79636224135,2514.16779255327,2683.83943856892,3056.97102851154,3238.44159287498,3159.58698693977,3194.61667734233,3309.20121643898,3341.7421054836,3361.09387702205,3383.8422809791,3415.06266730931,3560.1400729534,3719.71306047915,3853.67940035241,4115.90283469406,3255.93628984058,3471.6553421786,3997.76763250653,4168.67748407593,4448.96609078891,..
GDP per capita (constant 2015 US$),NY.GDP.PCAP.KD,Burkina Faso,BFA,244.167257873365,250.394091012667,261.880916903197,254.731183016035,256.568911549561,262.001316967784,259.130285238002,277.313189171404,280.960315015046,281.73763833434,277.184105813715,276.290476527029,277.846496112942,274.152506421818,291.303145502961,294.050755641012,312.385989060691,306.319820987094,312.546378441226,315.71696837442,309.805283645997,314.286582559959,334.96046501527,326.730273513319,311.788334185274,328.715164630481,344.993912306641,334.888996959212,344.904464201203,343.089820260752,332.153276660935,353.206720757378,345.401816823349,348.581211032689,344.371184069503,354.841188502861,383.973583031147,397.838955257373,415.273513470241,433.104727597234,428.309796566198,442.914122870048,448.128856317091,468.263047790124,474.086412333459,499.192797571217,514.113131757062,519.26101218434,533.471299938288,533.470084831931,561.847221302489,581.603658737407,600.731343697818,616.741331164082,624.576885187665,630.124750752312,648.420480176012,669.276310328333,694.492813126351,717.021595096634,713.8421779224,745.472563435144,740.306319930259,745.405334618409,763.833733522408,..
GDP per capita (constant 2015 US$),NY.GDP.PCAP.KD,Benin,BEN,655.913007563868,665.431250366532,631.42071510316,649.260123067951,679.356446871351,701.332145059658,711.858170524999,704.838581809146,716.640156003181,721.532496801575,720.605098618137,694.034044850035,721.876315776552,731.313119718855,737.948326243781,684.962291595042,674.040866533898,689.858786250037,680.651097993039,706.10443231183,733.490637341118,783.925193667226,778.638765032765,723.483520668885,758.361165674301,791.727164830118,785.143070110497,750.403840602099,752.704034985609,709.188907710243,749.459666582926,757.403145107877,756.080888165851,765.479914438342,752.277508740764,781.0647884601,793.7950526962,814.901395438676,821.459971433599,838.976786975768,861.213292013209,879.854463773645,893.137100961634,896.146763201736,907.624431209378,893.91536869992,900.62053578735,926.740113754071,943.203380303862,936.565651071554,928.246655329144,927.716412836707,943.918771531001,982.399206290516,1014.4330062135,1002.41886879614,1006.03926633023,1032.90471194182,1071.50452156932,1114.17304526443,1126.65404122154,1176.37727637273,1218.49668929091,1263.62158336368,1324.78312597434,..
GDP per capita (constant 2015 US$),NY.GDP.PCAP.KD,Angola,AGO,..,..,..,..,..,..,..,..,..,..,..,..,..,..,..,..,..,..,..,..,3186.7395967321,2937.55129349615,2831.46994192125,2842.76539931284,2903.70027040203,2896.78303600758,2874.86018427609,2890.07547573739,2964.572344914,2866.24611384236,2675.05239370666,2612.33170523819,2380.58274213388,1752.72318662558,1719.54294465223,1912.51777523397,2099.35045384819,2176.87757986492,2203.98692701325,2179.06426975438,2172.46326720494,2189.17352158246,2404.97792071531,2403.40415157038,2583.32411461288,2843.3966357968,3065.05576243895,3336.36332465208,3559.19522512236,3494.80724466172,3540.79159568381,3528.16824373399,3682.35229322763,3716.29718727282,3746.81619978613,3641.72893919944,3454.03317187119,3328.8982124109,3196.79006983557,3083.97534427357,2864.16146036893,2832.81777132286,2860.90251922246,2809.15727975557,2845.47779302975,..
GDP per capita (constant 2015 US$),NY.GDP.PCAP.KD,Botswana,BWA,393.861742487166,409.502166469248,426.901637851857,441.728045569419,460.824434130607,480.490649773385,508.141727280139,535.405247145742,588.907189594904,674.389989055809,785.474884442778,971.592899383618,1184.47370056075,1370.73282732856,1419.44206854257,1464.68785200858,1539.17387299982,1635.51259140874,1760.57070364001,1859.49457887642,2002.99615272235,2111.34563888905,2276.04982459673,2484.51795571067,2603.44865679004,2693.78188151685,2816.7693715823,3050.23176245012,3536.42325387877,3888.73045113925,4039.46544455099,4224.09857544948,4226.73999498293,4186.14547358363,4219.4408088678,4399.1388580936,4543.2105349273,4809.4439184672,4724.93670942028,5070.94772048729,5062.64289173588,4971.96371794188,5175.47655317231,5320.440295139,5369.42516766112,5514.21742664705,5865.00026521361,6085.6354476126,6158.61629368051,5179.4138607146,5584.5034321846,5850.07858575461,5742.91924452636,6284.97678002618,6547.12254115892,6141.20394726616,6490.83463593483,6662.57644805467,6843.84612027739,6951.73189051146,6254.24806241091,6895.91184943107,7159.5860618268,7269.05170664457,6937.33180990267,..
GDP per capita (constant 2015 US$),NY.GDP.PCAP.KD,Burundi,BDI,252.494432263235,212.342855409314,225.788139348072,230.224869823611,237.796206552628,240.48406689455,245.589599364794,272.52744854486,265.309585922564,255.821731085115,303.709792391106,304.559299116609,285.06811637395,305.139959453115,295.43006437029,290.202986018144,306.31315911461,332.792340173242,320.275135300224,317.614267208854,307.578267460065,331.215392246246,319.648687347883,322.759132903385,315.522461859928,345.163854234518,349.756030266147,360.679923797347,370.526755664209,368.226157097932,373.245241687992,383.870358589191,377.518319697874,365.282012271705,349.016249237768,302.701844524604,278.293479866983,273.889548332896,281.470892716422,272.030864788973,264.154407180223,262.913885774384,266.968141648342,255.500823385612,258.050009115333,250.878933475935,255.105582251925,254.311725516331,256.012461554496,252.582019875886,253.308577749924,254.242110648215,256.180393931874,259.311117203355,261.296721752002,254.402585226788,258.061970808946,261.725839288764,267.508692172687,270.411005710809,263.463876356897,264.682651664249,263.587550051638,264.843307950214,268.700857391724,..
GDP per capita (constant 2015 US$),NY.GDP.PCAP.KD,Cameroon,CMR,935.699954812011,932.280026939942,942.759289850998,956.891728661397,969.229047665523,966.950594049791,988.594437772544,860.08689924625,892.491104144478,912.754108454771,916.710625779195,923.604760607703,922.880502053864,945.932707437732,1018.79726418801,1102.17636716094,1014.07667154038,1124.03776731799,1334.48750457376,1375.91817432986,1305.68366184321,1475.98950174546,1549.61272438048,1622.46829304371,1695.95061001327,1778.88090277491,1842.96431745669,1749.42466570751,1565.13475286994,1492.28176078781,1360.47765296011,1271.04658608388,1196.85081918895,1070.98275377636,1060.87326552909,1062.01607349987,1077.38925202961,1096.69757735007,1118.50819963079,1138.36298546565,1151.27689302947,1169.92670464984,1189.96707897027,1221.09446141454,1271.74326874167,1264.74345218659,1277.32990712342,1295.73067471287,1295.02211276052,1290.89961351149,1290.9013745759,1297.3064962694,1319.66961634054,1347.2130636706,1381.81938454907,1415.00009710569,1435.61830727839,1444.90682916573,1461.01969999317,1470.31785276187,1434.51913723409,1443.57600237663,1458.66180431693,1468.17837007337,1480.73097431993,..
GDP per capita (constant 2015 US$),NY.GDP.PCAP.KD,Chad,TCD,802.089876411984,797.068975711056,822.960172925312,793.479197035833,757.985041724402,747.496564328592,719.764274168768,711.310053751623,694.261863761901,727.223958671984,725.5039711371,694.390943214783,686.870232111745,614.675542176406,630.550198938053,672.704474683151,679.058004452751,681.351575203841,665.899724940318,512.207079130753,480.157386511143,484.574160472399,487.048325221494,536.180952505117,540.00715950906,651.091982292771,606.106003867547,571.257670965961,637.738401242898,646.594144560668,602.670685766624,630.620682685597,652.785002163699,537.410535921164,578.423503776262,560.331446834029,547.925799466002,559.259855835883,577.909573468712,554.148900757095,530.600331270541,572.806706828797,600.171451974641,661.556916681677,845.518131173419,952.871910097036,914.210664598894,920.352815674967,916.087274632505,871.485311273077,956.953018715651,965.286963557057,1016.42152061894,1008.61711429294,993.321157708395,993.990730610869,923.56587204799,879.075895466718,898.834794007399,917.203710065059,884.980541933197,857.527630579087,862.60212817252,856.832488745342,849.707321000625,..
GDP per capita (constant 2015 US$),NY.GDP.PCAP.KD,Timor-Leste,TLS,..,..,..,..,..,..,..,..,..,..,..,..,..,..,..,..,..,..,..,..,..,..,..,..,..,..,..,..,..,..,633.18248660316,684.870525977346,736.591643587695,789.900692594751,823.062419740079,854.130467489101,897.360525869862,907.916560400077,865.831372670687,631.07290867098,1117.56432347244,1192.74796357529,1028.13194386616,964.322543048225,955.470489028291,964.026656178075,897.573801807644,961.848415522858,1042.86833768293,1120.09693594876,1195.38066079604,1237.48380284894,1269.41625561248,1281.92864043187,1312.96494988639,1319.59295003154,1333.65856117568,1267.08661597675,1237.2006590123,1507.24743550088,1947.83992943521,2015.82035757039,1579.71085276403,1279.21122757564,1149.21888298011,..
,,,,,,,,,,,,,,,,,,,,,,,,,,,,,,,,,,,,,,,,,,,,,,,,,,,,,,,,,,,,,,,,,,,,,
,,,,,,,,,,,,,,,,,,,,,,,,,,,,,,,,,,,,,,,,,,,,,,,,,,,,,,,,,,,,,,,,,,,,,
,,,,,,,,,,,,,,,,,,,,,,,,,,,,,,,,,,,,,,,,,,,,,,,,,,,,,,,,,,,,,,,,,,,,,
Data from database: World Development Indicators,,,,,,,,,,,,,,,,,,,,,,,,,,,,,,,,,,,,,,,,,,,,,,,,,,,,,,,,,,,,,,,,,,,,,
Last Updated: 02/24/2026,,,,,,,,,,,,,,,,,,,,,,,,,,,,,,,,,,,,,,,,,,,,,,,,,,,,,,,,,,,,,,,,,,,,,
